Condition,Percentage,CI_low,CI_high
Observable,69.2660550458533,65.62167011481343,72.684917466855
Hidden,77.77777777775356,74.43756361126266,80.79414284444614
