Condition,Percentage,CI_low,CI_high
Observable,54.2682926829268,50.43849030193598,58.048299623737165
Hidden,66.92189892801922,63.21929683300608,70.42613353938091
